{
  "ResNet50": {
    "loss": [
      0.12984022559513422,
      0.12799490630542013,
      0.12735417927615345,
      0.12369415428574113,
      0.1049111890394918,
      0.11391544217159125,
      0.11020257001192393,
      0.10713024588767439,
      0.10174369957001711,
      0.10941952575442636
    ],
    "acc": 0.985,
    "f1": 0.9849619107165511,
    "time": 6.817027142173366,
    "size_MB": 90.04274082183838
  },
  "InceptionV3": {
    "loss": [
      4.5546121732755145,
      3.9301972822709517,
      3.767150954766707,
      3.6960140737620266,
      3.659100806171244,
      3.6216534592888574,
      3.6036748859015377,
      3.6009537306698887,
      3.5873133187944237,
      3.5566118738868018
    ],
    "acc": 0.8933333333333333,
    "f1": 0.8935595920255939,
    "time": 13.309867758499948,
    "size_MB": 96.1899003982544
  },
  "MobileNetV2": {
    "loss": [
      0.8464978828348897,
      0.33022685890847986,
      0.240380956876007,
      0.1944993162866343,
      0.1774384191429073,
      0.17018860400739041,
      0.16400601189922204,
      0.15863560275598007,
      0.15349322159520604,
      0.1270343353125182
    ],
    "acc": 0.9883333333333333,
    "f1": 0.98832125864358,
    "time": 8.022233059531764,
    "size_MB": 8.75672435760498
  }
}